field_id,diam_km,status,active_frac,mean_prob,uncertainty_frac,area_ha,active_area_ha,credit_score
1,0.804627985964553,active,0.954,0.954,0.0,50.9,48.56,96
2,0.800374946311702,active,0.913,0.913,0.0,50.25,45.86,93
3,0.41695638409238,active,0.644,0.644,0.0,13.65,8.79,72
4,0.834603723355939,active,0.82,0.82,0.0,54.7,44.86,86
5,0.798365850175045,active,0.932,0.932,0.0,50.04,46.62,95
6,0.798677472177525,active,0.908,0.908,0.0,50.15,45.54,93
7,0.797481556286756,active,0.713,0.713,0.0,49.9,35.56,77
8,0.797976268887307,active,0.98,0.98,0.0,49.98,49.0,98
9,0.805136675588253,active,0.883,0.883,0.0,50.9,44.96,91
10,0.793424781025021,active,0.606,0.606,0.0,49.41,29.93,68
11,0.798879414194369,active,0.992,0.992,0.0,50.09,49.67,99
12,0.409285391872464,active,0.787,0.787,0.0,13.18,10.37,83
13,0.406457560145085,active,0.913,0.913,0.0,12.97,11.84,93
14,0.841248159454921,active,0.945,0.945,0.0,55.63,52.59,96
15,0.796048888318379,active,0.857,0.857,0.0,49.71,42.6,89
16,0.799564376968405,active,0.934,0.934,0.0,50.19,46.88,95
17,0.796880828738421,active,0.789,0.789,0.0,49.83,39.32,83
18,0.585974760381475,active,0.87,0.87,0.0,26.94,23.45,90
19,0.788985312006272,active,0.846,0.846,0.0,48.88,41.37,88
20,0.414193189622795,active,0.874,0.874,0.0,13.46,11.76,90
21,0.408159288411858,active,0.953,0.953,0.0,13.09,12.48,96
22,0.790214213545657,active,0.679,0.679,0.0,49.09,33.35,74
23,0.796044354582864,active,0.958,0.958,0.0,49.7,47.61,97
24,0.790631850106034,active,0.832,0.832,0.0,49.05,40.8,87
25,0.798625401028369,active,0.92,0.92,0.0,50.13,46.13,94
26,0.790011439713236,active,0.848,0.848,0.0,48.93,41.48,88
27,0.797680034450936,active,0.629,0.629,0.0,50.03,31.48,70
28,0.787191068278546,active,0.822,0.822,0.0,48.65,39.98,86
29,0.795078813580977,inactive,0.134,0.134,0.0,49.63,6.65,31
30,0.404602986511781,active,0.665,0.665,0.0,12.86,8.55,73
31,0.408014678411845,active,0.709,0.709,0.0,13.08,9.28,77
32,0.402933435614844,partial,0.427,0.427,0.0,12.77,5.45,54
33,0.408337993425176,active,0.698,0.698,0.0,13.1,9.15,76
34,0.408818939343126,partial,0.298,0.298,0.0,13.13,3.91,44
35,0.792114985098294,active,0.847,0.847,0.0,49.25,41.71,88
36,0.787959069351273,active,0.896,0.896,0.0,48.72,43.65,92
37,0.2,active,0.991,0.991,0.0,28.46,28.19,99
