field_id,diam_km,status,active_frac,mean_prob,uncertainty_frac,area_ha,active_area_ha,credit_score,threshold,prob_hist
1,0.804627985964553,active,0.954,0.584,1.0,50.9,48.56,65,0.5,0.0000 0.0000 0.0000 0.0000 0.0000 0.0000 0.0000 0.0000 0.0067 0.0393 0.1035 0.4475 0.4029 0.0000 0.0000 0.0000 0.0000 0.0000 0.0000 0.0000
2,0.800374946311702,active,0.913,0.542,0.971,50.25,45.86,62,0.5,0.0295 0.0000 0.0000 0.0000 0.0000 0.0000 0.0000 0.0000 0.0046 0.0533 0.2693 0.5759 0.0675 0.0000 0.0000 0.0000 0.0000 0.0000 0.0000 0.0000
3,0.41695638409238,active,0.644,0.504,1.0,13.65,8.79,47,0.5,0.0000 0.0000 0.0000 0.0000 0.0000 0.0000 0.0000 0.0220 0.0747 0.2593 0.5978 0.0462 0.0000 0.0000 0.0000 0.0000 0.0000 0.0000 0.0000 0.0000
4,0.834603723355939,active,0.82,0.543,1.0,54.7,44.86,57,0.5,0.0000 0.0000 0.0000 0.0000 0.0000 0.0000 0.0000 0.0015 0.0161 0.1623 0.3569 0.3675 0.0958 0.0000 0.0000 0.0000 0.0000 0.0000 0.0000 0.0000
5,0.798365850175045,active,0.932,0.557,1.0,50.04,46.62,63,0.5,0.0000 0.0000 0.0000 0.0000 0.0000 0.0000 0.0000 0.0000 0.0080 0.0604 0.2684 0.6387 0.0246 0.0000 0.0000 0.0000 0.0000 0.0000 0.0000 0.0000
6,0.798677472177525,active,0.908,0.569,1.0,50.15,45.54,62,0.5,0.0000 0.0000 0.0000 0.0000 0.0000 0.0000 0.0010 0.0046 0.0102 0.0762 0.1474 0.4991 0.2616 0.0000 0.0000 0.0000 0.0000 0.0000 0.0000 0.0000
7,0.797481556286756,active,0.713,0.522,1.0,49.9,35.56,51,0.5,0.0000 0.0000 0.0000 0.0000 0.0000 0.0000 0.0000 0.0046 0.0561 0.2267 0.4190 0.2910 0.0026 0.0000 0.0000 0.0000 0.0000 0.0000 0.0000 0.0000
8,0.797976268887307,active,0.98,0.593,1.0,49.98,49.0,67,0.5,0.0000 0.0000 0.0000 0.0000 0.0000 0.0000 0.0000 0.0000 0.0004 0.0192 0.0742 0.4420 0.4642 0.0000 0.0000 0.0000 0.0000 0.0000 0.0000 0.0000
9,0.805136675588253,active,0.883,0.53,0.974,50.9,44.96,61,0.5,0.0263 0.0000 0.0000 0.0000 0.0000 0.0000 0.0000 0.0000 0.0041 0.0862 0.4780 0.3589 0.0464 0.0000 0.0000 0.0000 0.0000 0.0000 0.0000 0.0000
10,0.793424781025021,active,0.606,0.499,0.99,49.41,29.93,45,0.5,0.0097 0.0000 0.0000 0.0000 0.0000 0.0000 0.0000 0.0085 0.0959 0.2801 0.5048 0.1010 0.0000 0.0000 0.0000 0.0000 0.0000 0.0000 0.0000 0.0000
11,0.798879414194369,active,0.992,0.571,1.0,50.09,49.67,67,0.5,0.0000 0.0000 0.0000 0.0000 0.0000 0.0000 0.0000 0.0000 0.0000 0.0084 0.1631 0.7149 0.1136 0.0000 0.0000 0.0000 0.0000 0.0000 0.0000 0.0000
12,0.409285391872464,active,0.787,0.527,1.0,13.18,10.37,55,0.5,0.0000 0.0000 0.0000 0.0000 0.0000 0.0000 0.0000 0.0000 0.0053 0.2079 0.5804 0.1639 0.0425 0.0000 0.0000 0.0000 0.0000 0.0000 0.0000 0.0000
13,0.406457560145085,active,0.913,0.535,1.0,12.97,11.84,62,0.5,0.0000 0.0000 0.0000 0.0000 0.0000 0.0000 0.0000 0.0000 0.0008 0.0864 0.5968 0.3161 0.0000 0.0000 0.0000 0.0000 0.0000 0.0000 0.0000 0.0000
14,0.841248159454921,active,0.945,0.563,1.0,55.63,52.59,64,0.5,0.0000 0.0000 0.0000 0.0000 0.0000 0.0000 0.0000 0.0000 0.0038 0.0509 0.2290 0.6277 0.0886 0.0000 0.0000 0.0000 0.0000 0.0000 0.0000 0.0000
15,0.796048888318379,active,0.857,0.541,1.0,49.71,42.6,59,0.5,0.0000 0.0000 0.0000 0.0000 0.0000 0.0000 0.0000 0.0008 0.0155 0.1267 0.3790 0.4649 0.0131 0.0000 0.0000 0.0000 0.0000 0.0000 0.0000 0.0000
16,0.799564376968405,active,0.934,0.554,1.0,50.19,46.88,63,0.5,0.0000 0.0000 0.0000 0.0000 0.0000 0.0000 0.0000 0.0010 0.0235 0.0414 0.3303 0.5354 0.0683 0.0000 0.0000 0.0000 0.0000 0.0000 0.0000 0.0000
17,0.796880828738421,active,0.789,0.526,1.0,49.83,39.32,55,0.5,0.0000 0.0000 0.0000 0.0000 0.0000 0.0000 0.0000 0.0020 0.0265 0.1824 0.5143 0.2743 0.0004 0.0000 0.0000 0.0000 0.0000 0.0000 0.0000 0.0000
18,0.585974760381475,active,0.87,0.524,0.97,26.94,23.45,60,0.5,0.0304 0.0000 0.0000 0.0000 0.0000 0.0000 0.0000 0.0000 0.0026 0.0965 0.4625 0.3827 0.0252 0.0000 0.0000 0.0000 0.0000 0.0000 0.0000 0.0000
19,0.788985312006272,active,0.846,0.534,1.0,48.88,41.37,58,0.5,0.0000 0.0000 0.0000 0.0000 0.0000 0.0000 0.0000 0.0012 0.0092 0.1432 0.5092 0.3275 0.0096 0.0000 0.0000 0.0000 0.0000 0.0000 0.0000 0.0000
20,0.414193189622795,active,0.874,0.537,1.0,13.46,11.76,60,0.5,0.0000 0.0000 0.0000 0.0000 0.0000 0.0000 0.0000 0.0000 0.0059 0.1204 0.4881 0.3856 0.0000 0.0000 0.0000 0.0000 0.0000 0.0000 0.0000 0.0000
21,0.408159288411858,active,0.953,0.551,1.0,13.09,12.48,64,0.5,0.0000 0.0000 0.0000 0.0000 0.0000 0.0000 0.0000 0.0000 0.0000 0.0466 0.3827 0.5707 0.0000 0.0000 0.0000 0.0000 0.0000 0.0000 0.0000 0.0000
22,0.790214213545657,active,0.679,0.503,0.968,49.09,33.35,50,0.5,0.0322 0.0000 0.0000 0.0000 0.0000 0.0000 0.0000 0.0079 0.0458 0.2347 0.4357 0.2436 0.0000 0.0000 0.0000 0.0000 0.0000 0.0000 0.0000 0.0000
23,0.796044354582864,active,0.958,0.568,1.0,49.7,47.61,65,0.5,0.0000 0.0000 0.0000 0.0000 0.0000 0.0000 0.0000 0.0000 0.0014 0.0406 0.1948 0.6388 0.1243 0.0000 0.0000 0.0000 0.0000 0.0000 0.0000 0.0000
24,0.790631850106034,active,0.832,0.537,1.0,49.05,40.8,58,0.5,0.0000 0.0000 0.0000 0.0000 0.0000 0.0000 0.0000 0.0012 0.0163 0.1507 0.4122 0.4159 0.0037 0.0000 0.0000 0.0000 0.0000 0.0000 0.0000 0.0000
25,0.798625401028369,active,0.92,0.554,1.0,50.13,46.13,63,0.5,0.0000 0.0000 0.0000 0.0000 0.0000 0.0000 0.0000 0.0004 0.0084 0.0710 0.2841 0.6124 0.0237 0.0000 0.0000 0.0000 0.0000 0.0000 0.0000 0.0000
26,0.790011439713236,active,0.848,0.543,1.0,48.93,41.48,59,0.5,0.0000 0.0000 0.0000 0.0000 0.0000 0.0000 0.0000 0.0016 0.0190 0.1316 0.3664 0.4275 0.0538 0.0000 0.0000 0.0000 0.0000 0.0000 0.0000 0.0000
27,0.797680034450936,active,0.629,0.512,1.0,50.03,31.48,47,0.5,0.0000 0.0000 0.0000 0.0000 0.0000 0.0000 0.0000 0.0116 0.0714 0.2878 0.4213 0.1925 0.0154 0.0000 0.0000 0.0000 0.0000 0.0000 0.0000 0.0000
28,0.787191068278546,active,0.822,0.531,1.0,48.65,39.98,57,0.5,0.0000 0.0000 0.0000 0.0000 0.0000 0.0000 0.0000 0.0000 0.0103 0.1679 0.5124 0.3094 0.0000 0.0000 0.0000 0.0000 0.0000 0.0000 0.0000 0.0000
29,0.795078813580977,inactive,0.134,0.465,1.0,49.63,6.65,21,0.5,0.0000 0.0000 0.0000 0.0000 0.0000 0.0000 0.0004 0.0199 0.2970 0.5487 0.1340 0.0000 0.0000 0.0000 0.0000 0.0000 0.0000 0.0000 0.0000 0.0000
30,0.404602986511781,active,0.665,0.506,0.97,12.86,8.55,49,0.5,0.0295 0.0000 0.0000 0.0000 0.0000 0.0000 0.0000 0.0000 0.0233 0.2823 0.4184 0.2348 0.0117 0.0000 0.0000 0.0000 0.0000 0.0000 0.0000 0.0000
31,0.408014678411845,active,0.709,0.505,0.937,13.08,9.28,52,0.5,0.0627 0.0000 0.0000 0.0000 0.0000 0.0000 0.0000 0.0000 0.0291 0.1988 0.2722 0.4014 0.0359 0.0000 0.0000 0.0000 0.0000 0.0000 0.0000 0.0000
32,0.402933435614844,partial,0.427,0.484,1.0,12.77,5.45,36,0.5,0.0000 0.0000 0.0000 0.0000 0.0000 0.0000 0.0000 0.0345 0.1997 0.3391 0.3876 0.0392 0.0000 0.0000 0.0000 0.0000 0.0000 0.0000 0.0000 0.0000
33,0.408337993425176,active,0.698,0.518,1.0,13.1,9.15,50,0.5,0.0000 0.0000 0.0000 0.0000 0.0000 0.0000 0.0000 0.0000 0.0382 0.2634 0.5061 0.1924 0.0000 0.0000 0.0000 0.0000 0.0000 0.0000 0.0000 0.0000
34,0.408818939343126,partial,0.298,0.48,1.0,13.13,3.91,29,0.5,0.0000 0.0000 0.0000 0.0000 0.0000 0.0000 0.0000 0.0099 0.1691 0.5232 0.2978 0.0000 0.0000 0.0000 0.0000 0.0000 0.0000 0.0000 0.0000 0.0000
35,0.792114985098294,active,0.847,0.536,0.99,49.25,41.71,59,0.5,0.0097 0.0000 0.0000 0.0000 0.0000 0.0000 0.0000 0.0000 0.0114 0.1320 0.4140 0.4171 0.0158 0.0000 0.0000 0.0000 0.0000 0.0000 0.0000 0.0000
36,0.787959069351273,active,0.896,0.538,1.0,48.72,43.65,61,0.5,0.0000 0.0000 0.0000 0.0000 0.0000 0.0000 0.0000 0.0006 0.0072 0.0963 0.5392 0.3504 0.0064 0.0000 0.0000 0.0000 0.0000 0.0000 0.0000 0.0000
37,0.2,active,0.991,0.587,1.0,28.46,28.19,67,0.5,0.0000 0.0000 0.0000 0.0000 0.0000 0.0000 0.0000 0.0000 0.0000 0.0095 0.1135 0.4694 0.4076 0.0000 0.0000 0.0000 0.0000 0.0000 0.0000 0.0000
