# band	mean	std
B02	1188.9412572078477	1859.1923971769581
B03	1407.7739105458452	1727.7387413631088
B04	1513.0573882432757	1740.7757298757895
B08	2755.481305028308	1612.2565699990187
B05	1890.9893042634167	1754.7320388511766
B06	2483.7812315422448	1622.1172720635755
B07	2722.728248756412	1621.8226170190276
B8A	2885.570263047681	1611.3587521042082
B11	2562.852607796968	1441.5471830655151
B12	1914.1383249044113	1328.8914382756407
B01	1115.8494388252218	1955.6991794280914
B09	3269.812554170875	2651.088425085525
